{"top1": [[0.21688, 0.2373725, 0.25782], [0.20394, 0.21670857142857142, 0.2328], [0.20002, 0.2097357142857143, 0.22216], [0.19844, 0.20634085714285713, 0.2159], [0.19852, 0.20428821428571428, 0.21124], [0.19908, 0.20298, 0.20758], [0.19996, 0.2019975, 0.20442], [0.20078, 0.20078, 0.20078]], "top5": [[0.05954, 0.069995, 0.08158], [0.0526, 0.058990714285714285, 0.06834], [0.05068, 0.055537857142857146, 0.06236], [0.04954, 0.05388542857142856, 0.05944], [0.0497, 0.053012857142857146, 0.05674], [0.0502, 0.05235285714285715, 0.0548], [0.05042, 0.0518825, 0.05332], [0.05148, 0.05148, 0.05148]]}