{"0.1": {"top1": [[0.21688, 0.2373725, 0.25782], [0.20798, 0.22103071428571427, 0.2392], [0.20396, 0.21414285714285713, 0.22688], [0.201, 0.20934428571428573, 0.22022], [0.20146, 0.2073553571428571, 0.21406], [0.20106, 0.20509499999999997, 0.21032], [0.20214, 0.2040925, 0.20656], [0.20288, 0.20288, 0.20288]], "top5": [[0.0599, 0.0704425, 0.08198], [0.05962, 0.06725571428571428, 0.07714], [0.05598, 0.06192678571428572, 0.06912], [0.0563, 0.06063257142857144, 0.0664], [0.0562, 0.059553214285714286, 0.06314], [0.05638, 0.05892000000000001, 0.0612], [0.05682, 0.058395, 0.0596], [0.05802, 0.05802, 0.05802]]}, "0.3": {"top1": [[0.21688, 0.2373725, 0.25782], [0.20622, 0.2194464285714286, 0.23752], [0.20258, 0.21299, 0.22566], [0.20014, 0.20850400000000002, 0.21882], [0.2005, 0.2062742857142857, 0.21306], [0.20054, 0.2043, 0.20948], [0.20028, 0.20299, 0.20572], [0.20254, 0.20254, 0.20254]], "top5": [[0.05954, 0.069995, 0.08158], [0.05568, 0.06364142857142857, 0.07398], [0.05536, 0.060993571428571425, 0.06822], [0.05552, 0.05952628571428571, 0.06524], [0.05542, 0.05854321428571429, 0.06208], [0.05528, 0.057866428571428576, 0.06016], [0.0557, 0.05734, 0.05852], [0.057, 0.057, 0.057]]}, "1.0": {"top1": [[0.21688, 0.2373725, 0.25782], [0.2048, 0.2178085714285714, 0.23502], [0.20066, 0.21038678571428568, 0.22318], [0.1983, 0.2064311428571429, 0.21702], [0.19858, 0.20409928571428568, 0.21126], [0.19884, 0.2024321428571428, 0.20712], [0.19946, 0.2012325, 0.20368], [0.20032, 0.20032, 0.20032]], "top5": [[0.05954, 0.069995, 0.08158], [0.05384, 0.06106428571428572, 0.07116], [0.05246, 0.057552142857142864, 0.06432], [0.05204, 0.055678, 0.06118], [0.05208, 0.0544425, 0.05812], [0.05198, 0.05368714285714284, 0.05592], [0.05232, 0.053212499999999996, 0.05392], [0.05286, 0.05286, 0.05286]]}, "3.0": {"top1": [[0.21688, 0.2373725, 0.25782], [0.20488, 0.2182564285714286, 0.23588], [0.20096, 0.21086357142857143, 0.2243], [0.1991, 0.20705114285714285, 0.21846], [0.19888, 0.20471285714285714, 0.21242], [0.19978, 0.2030357142857143, 0.20744], [0.20026, 0.2017225, 0.20396], [0.20098, 0.20098, 0.20098]], "top5": [[0.05954, 0.069995, 0.08158], [0.05272, 0.05938214285714285, 0.0687], [0.05048, 0.05564178571428572, 0.06244], [0.04972, 0.053744857142857136, 0.05906], [0.04986, 0.05266714285714286, 0.05636], [0.05, 0.051947857142857136, 0.05454], [0.05044, 0.0514425, 0.05248], [0.05102, 0.05102, 0.05102]]}, "10.0": {"top1": [[0.21688, 0.2373725, 0.25782], [0.20386, 0.21715785714285715, 0.23412], [0.20044, 0.2099132142857143, 0.22282], [0.19818, 0.20642714285714286, 0.21688], [0.19838, 0.2043007142857143, 0.21096], [0.19894, 0.2028964285714286, 0.20724], [0.1998, 0.20178749999999998, 0.20392], [0.20066, 0.20066, 0.20066]], "top5": [[0.05954, 0.069995, 0.08158], [0.05226, 0.05903499999999999, 0.06842], [0.05048, 0.05547964285714286, 0.0623], [0.04968, 0.05377628571428572, 0.05938], [0.04966, 0.052807857142857136, 0.05646], [0.05004, 0.05216071428571429, 0.05466], [0.05034, 0.0516625, 0.05316], [0.0514, 0.0514, 0.0514]]}, "100.0": {"top1": [[0.21688, 0.2373725, 0.25782], [0.20388, 0.2167157142857143, 0.23294], [0.20026, 0.20974714285714288, 0.22234], [0.19852, 0.20632057142857144, 0.21584], [0.19842, 0.20426428571428573, 0.21114], [0.19926, 0.20297071428571428, 0.20756], [0.19976, 0.20195249999999998, 0.2045], [0.20076, 0.20076, 0.20076]], "top5": [[0.05954, 0.06999749999999999, 0.08158], [0.0526, 0.05900142857142857, 0.06824], [0.05068, 0.05554607142857143, 0.06234], [0.04954, 0.05386685714285714, 0.05948], [0.04974, 0.052990357142857145, 0.05678], [0.05014, 0.05233214285714286, 0.05478], [0.05036, 0.0518575, 0.05322], [0.05152, 0.05152, 0.05152]]}}