{"top1": [[0.21688, 0.2373725, 0.25782], [0.2048, 0.2178085714285714, 0.23502], [0.20066, 0.21038678571428568, 0.22318], [0.1983, 0.2064311428571429, 0.21702], [0.19858, 0.20409928571428568, 0.21126], [0.19884, 0.2024321428571428, 0.20712], [0.19946, 0.2012325, 0.20368], [0.20032, 0.20032, 0.20032]], "top5": [[0.05954, 0.069995, 0.08158], [0.05384, 0.06106428571428572, 0.07116], [0.05246, 0.057552142857142864, 0.06432], [0.05204, 0.055678, 0.06118], [0.05208, 0.0544425, 0.05812], [0.05198, 0.05368714285714284, 0.05592], [0.05232, 0.053212499999999996, 0.05392], [0.05286, 0.05286, 0.05286]]}