{"top1": [[0.21688, 0.2373725, 0.25782], [0.20494, 0.21803785714285714, 0.23452], [0.20172, 0.2120660714285714, 0.22466], [0.20064, 0.20908542857142853, 0.21902], [0.20072, 0.20726142857142854, 0.21462], [0.20236, 0.20604642857142855, 0.21074], [0.20326, 0.20527, 0.20718], [0.20448, 0.20448, 0.20448]], "top5": [[0.05954, 0.069995, 0.08158], [0.05512, 0.06157000000000001, 0.07106], [0.05376, 0.05904678571428571, 0.06566], [0.05296, 0.05784314285714285, 0.06308], [0.05354, 0.05708642857142857, 0.06042], [0.05368, 0.056554285714285724, 0.0587], [0.0548, 0.0561025, 0.05746], [0.0556, 0.0556, 0.0556]]}