{"top1": [[0.21688, 0.2373725, 0.25782], [0.20596, 0.21905928571428568, 0.23692], [0.20158, 0.21167321428571428, 0.2251], [0.19932, 0.20760285714285714, 0.21804], [0.19862, 0.20498535714285712, 0.21272], [0.19942, 0.20316285714285712, 0.2084], [0.19982, 0.20178000000000001, 0.20452], [0.2003, 0.2003, 0.2003]], "top5": [[0.05954, 0.069995, 0.08158], [0.05452, 0.06213142857142857, 0.07268], [0.0535, 0.05890642857142857, 0.06578], [0.05342, 0.05718, 0.06278], [0.05332, 0.055965714285714285, 0.05942], [0.05326, 0.055117142857142865, 0.05726], [0.05372, 0.0545625, 0.05558], [0.05432, 0.05432, 0.05432]]}